job_id,target,treatment_group,resolved_treatment,treatment_candidates,treatment_lag_min,treatment_role,effect_type,theta_raw,theta_std,se_raw,se_std,ci_lo_raw,ci_hi_raw,ci_lo_std,ci_hi_std,ci_cross_zero_raw,ci_cross_zero_std,n_effective,n_adjustment_cols,adjustment_cols_used,adjustment_cols_missing,forbidden_cols_removed,missing_treatment_candidates,status,error_msg,abs_theta_std,is_success,is_significant_std,theta_std_rank_within_group,recommended_for_weight
td_rough_freq_lag30,y_fx_xin1,td_rough_freq,fx_s1_td_rough_freq,fx_s1_td_rough_freq;fx_s1_td_clean_freq;fx_s1_{drug}_freq,30,operation_A_reagent_freq,total_effect,0.0024028664915613854,0.54606628382998,1.0836993880008242e-05,0.0024627739396786033,0.002381625983556569,0.0024241069995662016,0.5412392469082099,0.55089332075175,False,False,86370,18,agg_tm_cyclone_feed_flow;agg_tm_motor_current;agg_tm_cyclone_overflow_pool_level;agg_tm_cyclone_pool_level;agg_tm_cyclone_pump_freq;agg_tm_cyclone_pump_current;agg_tm_cyclone_sand_water_flow;agg_tm_cyclone_sand_valve_setpoint;agg_tm_overflow_pump_current;MC1_FET503_AI;fx_nt1_underflow_density;fx_nt2_underflow_density;fx_nt1_motor_current;fx_nt2_motor_current;fx_blower1_pressure;fx_blower2_pressure;fx_s1_ft1701;fx_s1_ft1702,agg_tm_cyclone_feed_pressure,,,success,,0.54606628382998,True,True,1,True
td_rough_freq_lag60,y_fx_xin1,td_rough_freq,fx_s1_td_rough_freq,fx_s1_td_rough_freq;fx_s1_td_clean_freq;fx_s1_{drug}_freq,60,operation_A_reagent_freq,total_effect,0.001966677415091656,0.44689341215464495,1.1794288254227548e-05,0.0026800479231727774,0.00194356061011337,0.001989794220069942,0.4416405182252263,0.4521463060840636,False,False,86340,18,agg_tm_cyclone_feed_flow;agg_tm_motor_current;agg_tm_cyclone_overflow_pool_level;agg_tm_cyclone_pool_level;agg_tm_cyclone_pump_freq;agg_tm_cyclone_pump_current;agg_tm_cyclone_sand_water_flow;agg_tm_cyclone_sand_valve_setpoint;agg_tm_overflow_pump_current;MC1_FET503_AI;fx_nt1_underflow_density;fx_nt2_underflow_density;fx_nt1_motor_current;fx_nt2_motor_current;fx_blower1_pressure;fx_blower2_pressure;fx_s1_ft1701;fx_s1_ft1702,agg_tm_cyclone_feed_pressure,,,success,,0.44689341215464495,True,True,2,False
td_rough_freq_lag120,y_fx_xin1,td_rough_freq,fx_s1_td_rough_freq,fx_s1_td_rough_freq;fx_s1_td_clean_freq;fx_s1_{drug}_freq,120,operation_A_reagent_freq,total_effect,0.0012618425176503323,0.2867419740026372,1.3034136906870033e-05,0.0029618863636454327,0.001236295609312867,0.0012873894259877977,0.2809366767298921,0.2925472712753822,False,False,86280,18,agg_tm_cyclone_feed_flow;agg_tm_motor_current;agg_tm_cyclone_overflow_pool_level;agg_tm_cyclone_pool_level;agg_tm_cyclone_pump_freq;agg_tm_cyclone_pump_current;agg_tm_cyclone_sand_water_flow;agg_tm_cyclone_sand_valve_setpoint;agg_tm_overflow_pump_current;MC1_FET503_AI;fx_nt1_underflow_density;fx_nt2_underflow_density;fx_nt1_motor_current;fx_nt2_motor_current;fx_blower1_pressure;fx_blower2_pressure;fx_s1_ft1701;fx_s1_ft1702,agg_tm_cyclone_feed_pressure,,,success,,0.2867419740026372,True,True,3,False
naoh_freq_lag30,y_fx_xin1,naoh_freq,fx_s1_naoh_freq,fx_s1_naoh_freq;fx_s1_{drug}_freq,30,operation_A_reagent_freq,total_effect,0.0037275495739410654,0.46685280592628475,2.1789675578353267e-05,0.002729023714424381,0.003684841809807493,0.0037702573380746377,0.461503919446013,0.4722016924065566,False,False,86370,18,agg_tm_cyclone_feed_flow;agg_tm_motor_current;agg_tm_cyclone_overflow_pool_level;agg_tm_cyclone_pool_level;agg_tm_cyclone_pump_freq;agg_tm_cyclone_pump_current;agg_tm_cyclone_sand_water_flow;agg_tm_cyclone_sand_valve_setpoint;agg_tm_overflow_pump_current;MC1_FET503_AI;fx_nt1_underflow_density;fx_nt2_underflow_density;fx_nt1_motor_current;fx_nt2_motor_current;fx_blower1_pressure;fx_blower2_pressure;fx_s1_ft1701;fx_s1_ft1702,agg_tm_cyclone_feed_pressure,,,success,,0.46685280592628475,True,True,1,True
naoh_freq_lag60,y_fx_xin1,naoh_freq,fx_s1_naoh_freq,fx_s1_naoh_freq;fx_s1_{drug}_freq,60,operation_A_reagent_freq,total_effect,0.0029824166139063514,0.37347414628312076,2.342188159919311e-05,0.0029330131792505015,0.002936509725971933,0.0030283235018407698,0.36772544045178984,0.3792228521144517,False,False,86340,18,agg_tm_cyclone_feed_flow;agg_tm_motor_current;agg_tm_cyclone_overflow_pool_level;agg_tm_cyclone_pool_level;agg_tm_cyclone_pump_freq;agg_tm_cyclone_pump_current;agg_tm_cyclone_sand_water_flow;agg_tm_cyclone_sand_valve_setpoint;agg_tm_overflow_pump_current;MC1_FET503_AI;fx_nt1_underflow_density;fx_nt2_underflow_density;fx_nt1_motor_current;fx_nt2_motor_current;fx_blower1_pressure;fx_blower2_pressure;fx_s1_ft1701;fx_s1_ft1702,agg_tm_cyclone_feed_pressure,,,success,,0.37347414628312076,True,True,2,False
naoh_freq_lag120,y_fx_xin1,naoh_freq,fx_s1_naoh_freq,fx_s1_naoh_freq;fx_s1_{drug}_freq,120,operation_A_reagent_freq,total_effect,0.0017949963691540817,0.22486805005435354,2.5050679116147268e-05,0.0031382221502988515,0.001745897038086433,0.0018440957002217304,0.2187171346397678,0.2310189654689393,False,False,86280,18,agg_tm_cyclone_feed_flow;agg_tm_motor_current;agg_tm_cyclone_overflow_pool_level;agg_tm_cyclone_pool_level;agg_tm_cyclone_pump_freq;agg_tm_cyclone_pump_current;agg_tm_cyclone_sand_water_flow;agg_tm_cyclone_sand_valve_setpoint;agg_tm_overflow_pump_current;MC1_FET503_AI;fx_nt1_underflow_density;fx_nt2_underflow_density;fx_nt1_motor_current;fx_nt2_motor_current;fx_blower1_pressure;fx_blower2_pressure;fx_s1_ft1701;fx_s1_ft1702,agg_tm_cyclone_feed_pressure,,,success,,0.22486805005435354,True,True,3,False
cao_freq_lag30,y_fx_xin1,cao_freq,fx_s1_cao_freq,fx_s1_cao_freq;fx_s1_{drug}_freq,30,operation_A_reagent_freq,total_effect,0.003217734892157959,0.5139212889919923,1.6142406387085732e-05,0.0025781882522708526,0.003186095775639271,0.003249374008676647,0.5088680400175414,0.5189745379664431,False,False,86370,18,agg_tm_cyclone_feed_flow;agg_tm_motor_current;agg_tm_cyclone_overflow_pool_level;agg_tm_cyclone_pool_level;agg_tm_cyclone_pump_freq;agg_tm_cyclone_pump_current;agg_tm_cyclone_sand_water_flow;agg_tm_cyclone_sand_valve_setpoint;agg_tm_overflow_pump_current;MC1_FET503_AI;fx_nt1_underflow_density;fx_nt2_underflow_density;fx_nt1_motor_current;fx_nt2_motor_current;fx_blower1_pressure;fx_blower2_pressure;fx_s1_ft1701;fx_s1_ft1702,agg_tm_cyclone_feed_pressure,,,success,,0.5139212889919923,True,True,1,True
cao_freq_lag60,y_fx_xin1,cao_freq,fx_s1_cao_freq,fx_s1_cao_freq;fx_s1_{drug}_freq,60,operation_A_reagent_freq,total_effect,0.002529586485263817,0.40401941515922757,1.766686908655728e-05,0.002821709460272158,0.0024949594218541646,0.002564213548673469,0.39848886461709415,0.409549965701361,False,False,86340,18,agg_tm_cyclone_feed_flow;agg_tm_motor_current;agg_tm_cyclone_overflow_pool_level;agg_tm_cyclone_pool_level;agg_tm_cyclone_pump_freq;agg_tm_cyclone_pump_current;agg_tm_cyclone_sand_water_flow;agg_tm_cyclone_sand_valve_setpoint;agg_tm_overflow_pump_current;MC1_FET503_AI;fx_nt1_underflow_density;fx_nt2_underflow_density;fx_nt1_motor_current;fx_nt2_motor_current;fx_blower1_pressure;fx_blower2_pressure;fx_s1_ft1701;fx_s1_ft1702,agg_tm_cyclone_feed_pressure,,,success,,0.40401941515922757,True,True,2,False
cao_freq_lag120,y_fx_xin1,cao_freq,fx_s1_cao_freq,fx_s1_cao_freq;fx_s1_{drug}_freq,120,operation_A_reagent_freq,total_effect,0.0016132364564187401,0.25766032762805546,1.89485453902021e-05,0.0030263935543291993,0.001576097307453944,0.0016503756053835362,0.25172859626157024,0.2635920589945407,False,False,86280,18,agg_tm_cyclone_feed_flow;agg_tm_motor_current;agg_tm_cyclone_overflow_pool_level;agg_tm_cyclone_pool_level;agg_tm_cyclone_pump_freq;agg_tm_cyclone_pump_current;agg_tm_cyclone_sand_water_flow;agg_tm_cyclone_sand_valve_setpoint;agg_tm_overflow_pump_current;MC1_FET503_AI;fx_nt1_underflow_density;fx_nt2_underflow_density;fx_nt1_motor_current;fx_nt2_motor_current;fx_blower1_pressure;fx_blower2_pressure;fx_s1_ft1701;fx_s1_ft1702,agg_tm_cyclone_feed_pressure,,,success,,0.25766032762805546,True,True,3,False
ph_lag15,y_fx_xin1,ph,fx_s1_ph,fx_s1_ph;fx_s{s}_ph,15,process_state_pH,conditional_effect,-0.004859476613102352,-0.026404835310199146,0.0006458239237622055,0.0035091997974326856,-0.006125291503676274,-0.0035936617225284287,-0.03328286691316721,-0.01952680370723108,False,False,86385,22,agg_tm_cyclone_feed_flow;agg_tm_motor_current;agg_tm_cyclone_overflow_pool_level;agg_tm_cyclone_pool_level;agg_tm_cyclone_pump_freq;agg_tm_cyclone_pump_current;agg_tm_cyclone_sand_water_flow;agg_tm_cyclone_sand_valve_setpoint;agg_tm_overflow_pump_current;MC1_FET503_AI;fx_nt1_underflow_density;fx_nt2_underflow_density;fx_nt1_motor_current;fx_nt2_motor_current;fx_blower1_pressure;fx_blower2_pressure;fx_s1_td_rough_freq;fx_s1_td_clean_freq;fx_s1_naoh_freq;fx_s1_cao_freq;fx_s1_ft1701;fx_s1_ft1702,agg_tm_cyclone_feed_pressure,,,success,,0.026404835310199146,True,True,2,False
ph_lag30,y_fx_xin1,ph,fx_s1_ph,fx_s1_ph;fx_s{s}_ph,30,process_state_pH,conditional_effect,-0.0054352340970075215,-0.02952662260873787,0.0006441519467311318,0.0034993214817160482,-0.00669777191260054,-0.004172696281414503,-0.03638529271290133,-0.022667952504574415,False,False,86370,22,agg_tm_cyclone_feed_flow;agg_tm_motor_current;agg_tm_cyclone_overflow_pool_level;agg_tm_cyclone_pool_level;agg_tm_cyclone_pump_freq;agg_tm_cyclone_pump_current;agg_tm_cyclone_sand_water_flow;agg_tm_cyclone_sand_valve_setpoint;agg_tm_overflow_pump_current;MC1_FET503_AI;fx_nt1_underflow_density;fx_nt2_underflow_density;fx_nt1_motor_current;fx_nt2_motor_current;fx_blower1_pressure;fx_blower2_pressure;fx_s1_td_rough_freq;fx_s1_td_clean_freq;fx_s1_naoh_freq;fx_s1_cao_freq;fx_s1_ft1701;fx_s1_ft1702,agg_tm_cyclone_feed_pressure,,,success,,0.02952662260873787,True,True,1,True
ph_lag60,y_fx_xin1,ph,fx_s1_ph,fx_s1_ph;fx_s{s}_ph,60,process_state_pH,conditional_effect,-0.0047367740440693315,-0.02572785937983125,0.0006591580062786286,0.003580226613481725,-0.006028723736375444,-0.0034448243517632192,-0.03274510354225543,-0.018710615217407064,False,False,86340,22,agg_tm_cyclone_feed_flow;agg_tm_motor_current;agg_tm_cyclone_overflow_pool_level;agg_tm_cyclone_pool_level;agg_tm_cyclone_pump_freq;agg_tm_cyclone_pump_current;agg_tm_cyclone_sand_water_flow;agg_tm_cyclone_sand_valve_setpoint;agg_tm_overflow_pump_current;MC1_FET503_AI;fx_nt1_underflow_density;fx_nt2_underflow_density;fx_nt1_motor_current;fx_nt2_motor_current;fx_blower1_pressure;fx_blower2_pressure;fx_s1_td_rough_freq;fx_s1_td_clean_freq;fx_s1_naoh_freq;fx_s1_cao_freq;fx_s1_ft1701;fx_s1_ft1702,agg_tm_cyclone_feed_pressure,,,success,,0.02572785937983125,True,True,3,False
sx1_air_lag5,y_fx_xin1,sx1_air,fx_s1_sx1_air_sp,fx_s1_sx1_air_sp;fx_s1_sx1_air_flow;fx_s1_{c}_air_sp;fx_s1_{c}_air_flow,5,operation_A_air,total_effect,1.614820470621743,0.09062355509201023,0.06334865599723179,0.0035551199165561533,1.4906571048671688,1.7389838363763173,0.08365552005556018,0.09759159012846029,False,False,86395,16,agg_tm_cyclone_feed_flow;agg_tm_motor_current;agg_tm_cyclone_overflow_pool_level;agg_tm_cyclone_pool_level;agg_tm_cyclone_pump_freq;agg_tm_cyclone_pump_current;agg_tm_cyclone_sand_water_flow;agg_tm_cyclone_sand_valve_setpoint;agg_tm_overflow_pump_current;MC1_FET503_AI;fx_nt1_underflow_density;fx_nt2_underflow_density;fx_nt1_motor_current;fx_nt2_motor_current;fx_blower1_pressure;fx_blower2_pressure,agg_tm_cyclone_feed_pressure,,,success,,0.09062355509201023,True,True,4,False
sx1_air_lag15,y_fx_xin1,sx1_air,fx_s1_sx1_air_sp,fx_s1_sx1_air_sp;fx_s1_sx1_air_flow;fx_s1_{c}_air_sp;fx_s1_{c}_air_flow,15,operation_A_air,total_effect,1.720624083703226,0.09656162424964641,0.06335216103632389,0.0035553306659676675,1.5964538480720312,1.844794319334421,0.08959317614434979,0.10353007235494305,False,False,86385,16,agg_tm_cyclone_feed_flow;agg_tm_motor_current;agg_tm_cyclone_overflow_pool_level;agg_tm_cyclone_pool_level;agg_tm_cyclone_pump_freq;agg_tm_cyclone_pump_current;agg_tm_cyclone_sand_water_flow;agg_tm_cyclone_sand_valve_setpoint;agg_tm_overflow_pump_current;MC1_FET503_AI;fx_nt1_underflow_density;fx_nt2_underflow_density;fx_nt1_motor_current;fx_nt2_motor_current;fx_blower1_pressure;fx_blower2_pressure,agg_tm_cyclone_feed_pressure,,,success,,0.09656162424964641,True,True,3,False
sx1_air_lag30,y_fx_xin1,sx1_air,fx_s1_sx1_air_sp,fx_s1_sx1_air_sp;fx_s1_sx1_air_flow;fx_s1_{c}_air_sp;fx_s1_{c}_air_flow,30,operation_A_air,total_effect,1.7963199034822341,0.10081553496373968,0.06293232148824224,0.003531974257507268,1.6729725533652793,1.919667253599189,0.09389286541902543,0.10773820450845392,False,False,86370,16,agg_tm_cyclone_feed_flow;agg_tm_motor_current;agg_tm_cyclone_overflow_pool_level;agg_tm_cyclone_pool_level;agg_tm_cyclone_pump_freq;agg_tm_cyclone_pump_current;agg_tm_cyclone_sand_water_flow;agg_tm_cyclone_sand_valve_setpoint;agg_tm_overflow_pump_current;MC1_FET503_AI;fx_nt1_underflow_density;fx_nt2_underflow_density;fx_nt1_motor_current;fx_nt2_motor_current;fx_blower1_pressure;fx_blower2_pressure,agg_tm_cyclone_feed_pressure,,,success,,0.10081553496373968,True,True,2,False
sx1_air_lag60,y_fx_xin1,sx1_air,fx_s1_sx1_air_sp,fx_s1_sx1_air_sp;fx_s1_sx1_air_flow;fx_s1_{c}_air_sp;fx_s1_{c}_air_flow,60,operation_A_air,total_effect,1.8806138897507,0.10557787005430724,0.06294550990832472,0.003533767830718396,1.7572406903303837,2.0039870891710168,0.09865168510609919,0.11250405500251531,False,False,86340,16,agg_tm_cyclone_feed_flow;agg_tm_motor_current;agg_tm_cyclone_overflow_pool_level;agg_tm_cyclone_pool_level;agg_tm_cyclone_pump_freq;agg_tm_cyclone_pump_current;agg_tm_cyclone_sand_water_flow;agg_tm_cyclone_sand_valve_setpoint;agg_tm_overflow_pump_current;MC1_FET503_AI;fx_nt1_underflow_density;fx_nt2_underflow_density;fx_nt1_motor_current;fx_nt2_motor_current;fx_blower1_pressure;fx_blower2_pressure,agg_tm_cyclone_feed_pressure,,,success,,0.10557787005430724,True,True,1,True
sx3_air_lag5,y_fx_xin1,sx3_air,fx_s1_sx3_air_sp,fx_s1_sx3_air_sp;fx_s1_sx3_air_flow;fx_s1_{c}_air_sp;fx_s1_{c}_air_flow,5,operation_A_air,total_effect,0.7263283900676067,0.039440955875362595,0.07294170981917827,0.003960867835806242,0.5833626388220173,0.8692941413131962,0.031677654917182364,0.04720425683354283,False,False,86395,16,agg_tm_cyclone_feed_flow;agg_tm_motor_current;agg_tm_cyclone_overflow_pool_level;agg_tm_cyclone_pool_level;agg_tm_cyclone_pump_freq;agg_tm_cyclone_pump_current;agg_tm_cyclone_sand_water_flow;agg_tm_cyclone_sand_valve_setpoint;agg_tm_overflow_pump_current;MC1_FET503_AI;fx_nt1_underflow_density;fx_nt2_underflow_density;fx_nt1_motor_current;fx_nt2_motor_current;fx_blower1_pressure;fx_blower2_pressure,agg_tm_cyclone_feed_pressure,,,success,,0.039440955875362595,True,True,2,False
sx3_air_lag15,y_fx_xin1,sx3_air,fx_s1_sx3_air_sp,fx_s1_sx3_air_sp;fx_s1_sx3_air_flow;fx_s1_{c}_air_sp;fx_s1_{c}_air_flow,15,operation_A_air,total_effect,0.5106530160751297,0.027725960803097947,0.07210782988097356,0.003915102431476068,0.3693216695084215,0.6519843626418379,0.020052360037404852,0.035399561568791045,False,False,86385,16,agg_tm_cyclone_feed_flow;agg_tm_motor_current;agg_tm_cyclone_overflow_pool_level;agg_tm_cyclone_pool_level;agg_tm_cyclone_pump_freq;agg_tm_cyclone_pump_current;agg_tm_cyclone_sand_water_flow;agg_tm_cyclone_sand_valve_setpoint;agg_tm_overflow_pump_current;MC1_FET503_AI;fx_nt1_underflow_density;fx_nt2_underflow_density;fx_nt1_motor_current;fx_nt2_motor_current;fx_blower1_pressure;fx_blower2_pressure,agg_tm_cyclone_feed_pressure,,,success,,0.027725960803097947,True,True,4,False
sx3_air_lag30,y_fx_xin1,sx3_air,fx_s1_sx3_air_sp,fx_s1_sx3_air_sp;fx_s1_sx3_air_flow;fx_s1_{c}_air_sp;fx_s1_{c}_air_flow,30,operation_A_air,total_effect,0.718033582167108,0.03898078588279617,0.07270881526418127,0.003947234265911003,0.5755243042493128,0.8605428600849032,0.031244206721610615,0.04671736504398174,False,False,86370,16,agg_tm_cyclone_feed_flow;agg_tm_motor_current;agg_tm_cyclone_overflow_pool_level;agg_tm_cyclone_pool_level;agg_tm_cyclone_pump_freq;agg_tm_cyclone_pump_current;agg_tm_cyclone_sand_water_flow;agg_tm_cyclone_sand_valve_setpoint;agg_tm_overflow_pump_current;MC1_FET503_AI;fx_nt1_underflow_density;fx_nt2_underflow_density;fx_nt1_motor_current;fx_nt2_motor_current;fx_blower1_pressure;fx_blower2_pressure,agg_tm_cyclone_feed_pressure,,,success,,0.03898078588279617,True,True,3,False
sx3_air_lag60,y_fx_xin1,sx3_air,fx_s1_sx3_air_sp,fx_s1_sx3_air_sp;fx_s1_sx3_air_flow;fx_s1_{c}_air_sp;fx_s1_{c}_air_flow,60,operation_A_air,total_effect,0.7320053563036606,0.03973877937058752,0.07323002695893184,0.003975478949113006,0.5884745034641542,0.875536209143167,0.031946840630326025,0.04753071811084901,False,False,86340,16,agg_tm_cyclone_feed_flow;agg_tm_motor_current;agg_tm_cyclone_overflow_pool_level;agg_tm_cyclone_pool_level;agg_tm_cyclone_pump_freq;agg_tm_cyclone_pump_current;agg_tm_cyclone_sand_water_flow;agg_tm_cyclone_sand_valve_setpoint;agg_tm_overflow_pump_current;MC1_FET503_AI;fx_nt1_underflow_density;fx_nt2_underflow_density;fx_nt1_motor_current;fx_nt2_motor_current;fx_blower1_pressure;fx_blower2_pressure,agg_tm_cyclone_feed_pressure,,,success,,0.03973877937058752,True,True,1,True
cx1_level_control_lag15,y_fx_xin1,cx1_level_control,fx_s1_cx1_level_valve_sp,fx_s1_cx1_level_valve_sp;fx_s1_cx1_level;fx_s1_{c}_level_valve_sp;fx_s1_{c}_level,15,operation_or_state_level,total_or_conditional_effect,0.12298641162397185,0.024833587621039866,0.0026562074201993925,0.0005363451038059288,0.11778024508038104,0.12819257816756266,0.023782351217580246,0.025884824024499486,False,False,86385,16,agg_tm_cyclone_feed_flow;agg_tm_motor_current;agg_tm_cyclone_overflow_pool_level;agg_tm_cyclone_pool_level;agg_tm_cyclone_pump_freq;agg_tm_cyclone_pump_current;agg_tm_cyclone_sand_water_flow;agg_tm_cyclone_sand_valve_setpoint;agg_tm_overflow_pump_current;MC1_FET503_AI;fx_nt1_underflow_density;fx_nt2_underflow_density;fx_nt1_motor_current;fx_nt2_motor_current;fx_blower1_pressure;fx_blower2_pressure,agg_tm_cyclone_feed_pressure;agg_tm_cyclone_feed_pressure,,,success,,0.024833587621039866,True,True,1,True
cx1_level_control_lag30,y_fx_xin1,cx1_level_control,fx_s1_cx1_level_valve_sp,fx_s1_cx1_level_valve_sp;fx_s1_cx1_level;fx_s1_{c}_level_valve_sp;fx_s1_{c}_level,30,operation_or_state_level,total_or_conditional_effect,0.11299903421282557,0.022818436328275467,0.002516444101479476,0.0005081576130564519,0.1080668037739258,0.11793126465172535,0.02182244740668482,0.02381442524986611,False,False,86370,16,agg_tm_cyclone_feed_flow;agg_tm_motor_current;agg_tm_cyclone_overflow_pool_level;agg_tm_cyclone_pool_level;agg_tm_cyclone_pump_freq;agg_tm_cyclone_pump_current;agg_tm_cyclone_sand_water_flow;agg_tm_cyclone_sand_valve_setpoint;agg_tm_overflow_pump_current;MC1_FET503_AI;fx_nt1_underflow_density;fx_nt2_underflow_density;fx_nt1_motor_current;fx_nt2_motor_current;fx_blower1_pressure;fx_blower2_pressure,agg_tm_cyclone_feed_pressure;agg_tm_cyclone_feed_pressure,,,success,,0.022818436328275467,True,True,2,False
cx1_level_control_lag60,y_fx_xin1,cx1_level_control,fx_s1_cx1_level_valve_sp,fx_s1_cx1_level_valve_sp;fx_s1_cx1_level;fx_s1_{c}_level_valve_sp;fx_s1_{c}_level,60,operation_or_state_level,total_or_conditional_effect,0.09355669903800688,0.018898171140834225,0.002365641958094838,0.00047785254334222236,0.088920040800141,0.09819335727587276,0.017961580155883467,0.01983476212578498,False,False,86340,16,agg_tm_cyclone_feed_flow;agg_tm_motor_current;agg_tm_cyclone_overflow_pool_level;agg_tm_cyclone_pool_level;agg_tm_cyclone_pump_freq;agg_tm_cyclone_pump_current;agg_tm_cyclone_sand_water_flow;agg_tm_cyclone_sand_valve_setpoint;agg_tm_overflow_pump_current;MC1_FET503_AI;fx_nt1_underflow_density;fx_nt2_underflow_density;fx_nt1_motor_current;fx_nt2_motor_current;fx_blower1_pressure;fx_blower2_pressure,agg_tm_cyclone_feed_pressure;agg_tm_cyclone_feed_pressure,,,success,,0.018898171140834225,True,True,3,False
cx2_level_control_lag15,y_fx_xin1,cx2_level_control,fx_s1_cx2_level_valve_sp,fx_s1_cx2_level_valve_sp;fx_s1_cx2_level;fx_s1_{c}_level_valve_sp;fx_s1_{c}_level,15,operation_or_state_level,total_or_conditional_effect,0.12342301469342275,0.025547253328730625,0.0028050316280516584,0.0005806117584709771,0.1179251527024415,0.128920876684404,0.02440925428212751,0.02668525237533374,False,False,86385,16,agg_tm_cyclone_feed_flow;agg_tm_motor_current;agg_tm_cyclone_overflow_pool_level;agg_tm_cyclone_pool_level;agg_tm_cyclone_pump_freq;agg_tm_cyclone_pump_current;agg_tm_cyclone_sand_water_flow;agg_tm_cyclone_sand_valve_setpoint;agg_tm_overflow_pump_current;MC1_FET503_AI;fx_nt1_underflow_density;fx_nt2_underflow_density;fx_nt1_motor_current;fx_nt2_motor_current;fx_blower1_pressure;fx_blower2_pressure,agg_tm_cyclone_feed_pressure;agg_tm_cyclone_feed_pressure,,,success,,0.025547253328730625,True,True,1,True
cx2_level_control_lag30,y_fx_xin1,cx2_level_control,fx_s1_cx2_level_valve_sp,fx_s1_cx2_level_valve_sp;fx_s1_cx2_level;fx_s1_{c}_level_valve_sp;fx_s1_{c}_level,30,operation_or_state_level,total_or_conditional_effect,0.11246626951187522,0.023280867045766655,0.0027381503905696317,0.0005668056339988648,0.10709949474635874,0.11783304427739169,0.02216992800312888,0.024391806088404428,False,False,86370,16,agg_tm_cyclone_feed_flow;agg_tm_motor_current;agg_tm_cyclone_overflow_pool_level;agg_tm_cyclone_pool_level;agg_tm_cyclone_pump_freq;agg_tm_cyclone_pump_current;agg_tm_cyclone_sand_water_flow;agg_tm_cyclone_sand_valve_setpoint;agg_tm_overflow_pump_current;MC1_FET503_AI;fx_nt1_underflow_density;fx_nt2_underflow_density;fx_nt1_motor_current;fx_nt2_motor_current;fx_blower1_pressure;fx_blower2_pressure,agg_tm_cyclone_feed_pressure;agg_tm_cyclone_feed_pressure,,,success,,0.023280867045766655,True,True,2,False
cx2_level_control_lag60,y_fx_xin1,cx2_level_control,fx_s1_cx2_level_valve_sp,fx_s1_cx2_level_valve_sp;fx_s1_cx2_level;fx_s1_{c}_level_valve_sp;fx_s1_{c}_level,60,operation_or_state_level,total_or_conditional_effect,0.09901734137234162,0.020503209836241536,0.0028552584771169708,0.000591229403674831,0.09342103475719236,0.10461364798749088,0.01934440020503887,0.021662019467444206,False,False,86340,16,agg_tm_cyclone_feed_flow;agg_tm_motor_current;agg_tm_cyclone_overflow_pool_level;agg_tm_cyclone_pool_level;agg_tm_cyclone_pump_freq;agg_tm_cyclone_pump_current;agg_tm_cyclone_sand_water_flow;agg_tm_cyclone_sand_valve_setpoint;agg_tm_overflow_pump_current;MC1_FET503_AI;fx_nt1_underflow_density;fx_nt2_underflow_density;fx_nt1_motor_current;fx_nt2_motor_current;fx_blower1_pressure;fx_blower2_pressure,agg_tm_cyclone_feed_pressure;agg_tm_cyclone_feed_pressure,,,success,,0.020503209836241536,True,True,3,False
pool2_pump_freq_lag15,y_fx_xin1,pool2_pump_freq,fx_s1_pool2_pump_freq,fx_s1_pool2_pump_freq;fx_s1_pool{k}_pump_freq,15,operation_A_pump_freq,total_effect,-0.0005437188527459549,-0.19727513049523077,0.0002006756687186794,0.0728102741587154,-0.0009370431634345665,-0.00015039454205734328,-0.33998326784631294,-0.05456699314414861,False,False,86385,19,agg_tm_cyclone_feed_flow;agg_tm_motor_current;agg_tm_cyclone_overflow_pool_level;agg_tm_cyclone_pool_level;agg_tm_cyclone_pump_freq;agg_tm_cyclone_pump_current;agg_tm_cyclone_sand_water_flow;agg_tm_cyclone_sand_valve_setpoint;agg_tm_overflow_pump_current;MC1_FET503_AI;fx_nt1_underflow_density;fx_nt2_underflow_density;fx_nt1_motor_current;fx_nt2_motor_current;fx_blower1_pressure;fx_blower2_pressure;fx_s1_pool2_level;fx_s1_pool1_level;fx_s1_pool3_level,agg_tm_cyclone_feed_pressure,,,success,,0.19727513049523077,True,True,2,False
pool2_pump_freq_lag30,y_fx_xin1,pool2_pump_freq,fx_s1_pool2_pump_freq,fx_s1_pool2_pump_freq;fx_s1_pool{k}_pump_freq,30,operation_A_pump_freq,total_effect,-0.0005849551603102373,-0.21223225077099897,0.00019378288093891785,0.0703079137907646,-0.0009647696069505162,-0.00020514071366995829,-0.35003576180089757,-0.07442873974110036,False,False,86370,19,agg_tm_cyclone_feed_flow;agg_tm_motor_current;agg_tm_cyclone_overflow_pool_level;agg_tm_cyclone_pool_level;agg_tm_cyclone_pump_freq;agg_tm_cyclone_pump_current;agg_tm_cyclone_sand_water_flow;agg_tm_cyclone_sand_valve_setpoint;agg_tm_overflow_pump_current;MC1_FET503_AI;fx_nt1_underflow_density;fx_nt2_underflow_density;fx_nt1_motor_current;fx_nt2_motor_current;fx_blower1_pressure;fx_blower2_pressure;fx_s1_pool2_level;fx_s1_pool1_level;fx_s1_pool3_level,agg_tm_cyclone_feed_pressure,,,success,,0.21223225077099897,True,True,1,True
pool2_pump_freq_lag60,y_fx_xin1,pool2_pump_freq,fx_s1_pool2_pump_freq,fx_s1_pool2_pump_freq;fx_s1_pool{k}_pump_freq,60,operation_A_pump_freq,total_effect,2.7599446989990074e-06,0.001001494207755184,0.0002108424170550266,0.07650785883727879,-0.0004104911927288531,0.0004160110821268511,-0.14895390911331124,0.1509568975288216,True,True,86340,19,agg_tm_cyclone_feed_flow;agg_tm_motor_current;agg_tm_cyclone_overflow_pool_level;agg_tm_cyclone_pool_level;agg_tm_cyclone_pump_freq;agg_tm_cyclone_pump_current;agg_tm_cyclone_sand_water_flow;agg_tm_cyclone_sand_valve_setpoint;agg_tm_overflow_pump_current;MC1_FET503_AI;fx_nt1_underflow_density;fx_nt2_underflow_density;fx_nt1_motor_current;fx_nt2_motor_current;fx_blower1_pressure;fx_blower2_pressure;fx_s1_pool2_level;fx_s1_pool1_level;fx_s1_pool3_level,agg_tm_cyclone_feed_pressure,,,success,,0.001001494207755184,True,False,4,False
pool2_pump_freq_lag120,y_fx_xin1,pool2_pump_freq,fx_s1_pool2_pump_freq,fx_s1_pool2_pump_freq;fx_s1_pool{k}_pump_freq,120,operation_A_pump_freq,total_effect,8.963718944820456e-05,0.03253694158746231,0.0002289942576463385,0.08312144580580054,-0.0003591915555386189,0.000538465934435028,-0.13038109219190672,0.19545497536683132,True,True,86280,19,agg_tm_cyclone_feed_flow;agg_tm_motor_current;agg_tm_cyclone_overflow_pool_level;agg_tm_cyclone_pool_level;agg_tm_cyclone_pump_freq;agg_tm_cyclone_pump_current;agg_tm_cyclone_sand_water_flow;agg_tm_cyclone_sand_valve_setpoint;agg_tm_overflow_pump_current;MC1_FET503_AI;fx_nt1_underflow_density;fx_nt2_underflow_density;fx_nt1_motor_current;fx_nt2_motor_current;fx_blower1_pressure;fx_blower2_pressure;fx_s1_pool2_level;fx_s1_pool1_level;fx_s1_pool3_level,agg_tm_cyclone_feed_pressure,,,success,,0.03253694158746231,True,False,3,False
pool1_pump_freq_lag15,y_fx_xin1,pool1_pump_freq,fx_s1_pool1_pump_freq,fx_s1_pool1_pump_freq;fx_s1_pool{k}_pump_freq,15,operation_A_pump_freq,total_effect,-0.00016739907076443396,-0.060736050998116554,0.00021066990033431253,0.07643565613621943,-0.0005803120754196865,0.00024551393389081856,-0.21054993702510663,0.08907783502887352,True,True,86385,19,agg_tm_cyclone_feed_flow;agg_tm_motor_current;agg_tm_cyclone_overflow_pool_level;agg_tm_cyclone_pool_level;agg_tm_cyclone_pump_freq;agg_tm_cyclone_pump_current;agg_tm_cyclone_sand_water_flow;agg_tm_cyclone_sand_valve_setpoint;agg_tm_overflow_pump_current;MC1_FET503_AI;fx_nt1_underflow_density;fx_nt2_underflow_density;fx_nt1_motor_current;fx_nt2_motor_current;fx_blower1_pressure;fx_blower2_pressure;fx_s1_pool1_level;fx_s1_pool2_level;fx_s1_pool3_level,agg_tm_cyclone_feed_pressure,,,success,,0.060736050998116554,True,False,2,False
pool1_pump_freq_lag30,y_fx_xin1,pool1_pump_freq,fx_s1_pool1_pump_freq,fx_s1_pool1_pump_freq;fx_s1_pool{k}_pump_freq,30,operation_A_pump_freq,total_effect,-9.928019274353428e-05,-0.0360202030048632,0.0002145420245176706,0.07783876181791677,-0.0005197825607981686,0.0003212221753111001,-0.18858417616798004,0.11654377015825365,True,True,86370,19,agg_tm_cyclone_feed_flow;agg_tm_motor_current;agg_tm_cyclone_overflow_pool_level;agg_tm_cyclone_pool_level;agg_tm_cyclone_pump_freq;agg_tm_cyclone_pump_current;agg_tm_cyclone_sand_water_flow;agg_tm_cyclone_sand_valve_setpoint;agg_tm_overflow_pump_current;MC1_FET503_AI;fx_nt1_underflow_density;fx_nt2_underflow_density;fx_nt1_motor_current;fx_nt2_motor_current;fx_blower1_pressure;fx_blower2_pressure;fx_s1_pool1_level;fx_s1_pool2_level;fx_s1_pool3_level,agg_tm_cyclone_feed_pressure,,,success,,0.0360202030048632,True,False,4,False
pool1_pump_freq_lag60,y_fx_xin1,pool1_pump_freq,fx_s1_pool1_pump_freq,fx_s1_pool1_pump_freq;fx_s1_pool{k}_pump_freq,60,operation_A_pump_freq,total_effect,0.00010025041113334372,0.036377177511400835,0.0002195856624643921,0.07967953978563712,-0.0003301374872968648,0.0005306383095635523,-0.11979472046844791,0.19254907549124958,True,True,86340,19,agg_tm_cyclone_feed_flow;agg_tm_motor_current;agg_tm_cyclone_overflow_pool_level;agg_tm_cyclone_pool_level;agg_tm_cyclone_pump_freq;agg_tm_cyclone_pump_current;agg_tm_cyclone_sand_water_flow;agg_tm_cyclone_sand_valve_setpoint;agg_tm_overflow_pump_current;MC1_FET503_AI;fx_nt1_underflow_density;fx_nt2_underflow_density;fx_nt1_motor_current;fx_nt2_motor_current;fx_blower1_pressure;fx_blower2_pressure;fx_s1_pool1_level;fx_s1_pool2_level;fx_s1_pool3_level,agg_tm_cyclone_feed_pressure,,,success,,0.036377177511400835,True,False,3,False
pool1_pump_freq_lag120,y_fx_xin1,pool1_pump_freq,fx_s1_pool1_pump_freq,fx_s1_pool1_pump_freq;fx_s1_pool{k}_pump_freq,120,operation_A_pump_freq,total_effect,0.0003333716825090413,0.1210071092918757,0.00021910690816882785,0.07953133086722583,-9.607785750186126e-05,0.0007628212225199439,-0.034874299207886914,0.2768885177916383,True,True,86280,19,agg_tm_cyclone_feed_flow;agg_tm_motor_current;agg_tm_cyclone_overflow_pool_level;agg_tm_cyclone_pool_level;agg_tm_cyclone_pump_freq;agg_tm_cyclone_pump_current;agg_tm_cyclone_sand_water_flow;agg_tm_cyclone_sand_valve_setpoint;agg_tm_overflow_pump_current;MC1_FET503_AI;fx_nt1_underflow_density;fx_nt2_underflow_density;fx_nt1_motor_current;fx_nt2_motor_current;fx_blower1_pressure;fx_blower2_pressure;fx_s1_pool1_level;fx_s1_pool2_level;fx_s1_pool3_level,agg_tm_cyclone_feed_pressure,,,success,,0.1210071092918757,True,False,1,False
